Date,Users
1/3/2022,36
2/3/2022,45
3/3/2022,52
4/3/2022,47
5/3/2022,23
6/3/2022,30
7/3/2022,62
8/3/2022,74
9/3/2022,66
10/3/2022,38
11/3/2022,28
12/3/2022,32
13/3/2022,37
14/3/2022,66
15/3/2022,56
16/3/2022,78
17/3/2022,44
18/3/2022,41
19/3/2022,45
20/3/2022,40
21/3/2022,83
22/3/2022,60
23/3/2022,59
24/3/2022,73
25/3/2022,56
26/3/2022,34
27/3/2022,31
28/3/2022,66
29/3/2022,66
30/3/2022,71
31/3/2022,53
1/4/2022,48
2/4/2022,40
3/4/2022,51
4/4/2022,86
5/4/2022,56
6/4/2022,53
7/4/2022,48
8/4/2022,55
9/4/2022,37
10/4/2022,32
11/4/2022,61
12/4/2022,46
13/4/2022,37
14/4/2022,38
15/4/2022,30
16/4/2022,33
17/4/2022,52
18/4/2022,56
19/4/2022,66
20/4/2022,59
21/4/2022,51
22/4/2022,48
23/4/2022,42
24/4/2022,36
25/4/2022,65
26/4/2022,63
27/4/2022,64
28/4/2022,46
29/4/2022,29
30/4/2022,21